pocet bloku,vlaken v bloku,cas vypoctu,cas celkovy,zrychleni
24649,1024,5.97198,6.39453,42.2045
24649,256,2.87073,3.29842,81.8204
24649,32,2.682,3.09462,87.2087
24649,128,2.35,3.01689,89.4558
24649,512,3.75256,4.16878,64.7378
24649,64,3.05214,3.46458,77.8962
