pocet vlaken,cas,zrychleni,efektivita
1,803.539,1,1
2,400.938,2.00415,1.00207
4,199.811,4.02149,1.00537
6,133.233,6.03109,1.00518
12,67.1254,11.9707,0.99756
8,100.132,8.0248,1.0031
24,46.8958,17.1346,0.71394
